isomodpe.test16,Isomod202509#,7024
isomodpe.test17,Isomod202509#,7024
isomodpe.test18,Isomod202509#,7024
isomodpe.test19,Isomod202509#,7024
isomodpe.test20,Isomod202509#,7024
isomodpe.test21,Isomod202509#,7024
isomodpe.test22,Isomod202509#,7024
isomodpe.test23,Isomod202509#,7024
isomodpe.test24,Isomod202509#,7024
isomodpe.test25,Isomod202509#,7024
isomodpe.test26,Isomod202509#,7024
isomodpe.test27,Isomod202509#,7024
isomodpe.test28,Isomod202509#,7024
isomodpe.test29,Isomod202509#,7024
isomodpe.test30,Isomod202509#,7024
isomodpe.test31,Isomod202509#,7024
isomodpe.test32,Isomod202509#,7024
isomodpe.test33,Isomod202509#,7024
isomodpe.test34,Isomod202509#,7024
isomodpe.test35,Isomod202509#,7024
isomodpe.test36,Isomod202509#,7024
isomodpe.test37,Isomod202509#,7024
isomodpe.test38,Isomod202509#,7024
isomodpe.test39,Isomod202509#,7024
isomodpe.test40,Isomod202509#,7024
isomodqa.test60,Isomod202509#,7024
